INSERT INTO LEOS_USER (USER_LOGIN,USER_PER_ID,USER_LASTNAME,USER_FIRSTNAME,USER_EMAIL) VALUES ('demo', 1, 'DEMO', 'Demo', 'demo.test@mail.com');
INSERT INTO LEOS_USER (USER_LOGIN,USER_PER_ID,USER_LASTNAME,USER_FIRSTNAME,USER_EMAIL) VALUES ('john', 2, 'DOE', 'John', 'john.test@mail.com');
INSERT INTO LEOS_USER (USER_LOGIN,USER_PER_ID,USER_LASTNAME,USER_FIRSTNAME,USER_EMAIL) VALUES ('jane', 3, 'DOE', 'Jane', 'jane.test@mail.com');
INSERT INTO LEOS_USER (USER_LOGIN,USER_PER_ID,USER_LASTNAME,USER_FIRSTNAME,USER_EMAIL) VALUES ('luke', 4, 'SKYWALKER', 'Luke', 'luke.test@mail.com');
INSERT INTO LEOS_USER (USER_LOGIN,USER_PER_ID,USER_LASTNAME,USER_FIRSTNAME,USER_EMAIL) VALUES ('leia', 5,'ORGANA', 'Leia', 'leia.test@mail.com');
INSERT INTO LEOS_USER (USER_LOGIN,USER_PER_ID,USER_LASTNAME,USER_FIRSTNAME,USER_EMAIL) VALUES ('han', 6, 'SOLO', 'Han', 'han.test@mail.com');
INSERT INTO LEOS_USER (USER_LOGIN,USER_PER_ID,USER_LASTNAME,USER_FIRSTNAME,USER_EMAIL) VALUES ('chewie', 7, 'CHEWBACCA', 'Chewie', 'chewie.test@mail.com');
INSERT INTO LEOS_USER (USER_LOGIN,USER_PER_ID,USER_LASTNAME,USER_FIRSTNAME,USER_EMAIL) VALUES ('c3po', 8, 'C-3PO', 'c3po', 'c3po.test@mail.com');
INSERT INTO LEOS_USER (USER_LOGIN,USER_PER_ID,USER_LASTNAME,USER_FIRSTNAME,USER_EMAIL) VALUES ('r2d2', 9, 'R2-D2', 'r2d2', 'r2d2.test@mail.com');
INSERT INTO LEOS_USER (USER_LOGIN,USER_PER_ID,USER_LASTNAME,USER_FIRSTNAME,USER_EMAIL) VALUES ('vader',10, 'DARTH', 'Vader', 'vader.test@mail.com');
INSERT INTO LEOS_USER (USER_LOGIN,USER_PER_ID,USER_LASTNAME,USER_FIRSTNAME,USER_EMAIL) VALUES ('leos', 11, 'S', 'Leo', 'leo.s@mail.com');
INSERT INTO LEOS_USER (USER_LOGIN,USER_PER_ID,USER_LASTNAME,USER_FIRSTNAME,USER_EMAIL) VALUES ('admin', 99, 'SUPER', 'ADMIN', 'super.admin@mail.com');
INSERT INTO LEOS_USER (USER_LOGIN,USER_PER_ID,USER_LASTNAME,USER_FIRSTNAME,USER_EMAIL) VALUES ('iluser1', 1001, 'User1', 'Leos', 'iluser1@mail.com');
INSERT INTO LEOS_USER (USER_LOGIN,USER_PER_ID,USER_LASTNAME,USER_FIRSTNAME,USER_EMAIL) VALUES ('gjuser17', 1002, 'Leos', 'User17', 'leos.s@mail.com');
INSERT INTO LEOS_USER (USER_LOGIN,USER_PER_ID,USER_LASTNAME,USER_FIRSTNAME,USER_EMAIL) VALUES ('gjuser18', 1003, 'Leos', 'User18', 'leos.s@mail.com');
INSERT INTO LEOS_USER (USER_LOGIN,USER_PER_ID,USER_LASTNAME,USER_FIRSTNAME,USER_EMAIL) VALUES ('gjuser19', 1004, 'Leos', 'User19', 'leos.s@mail.com');
INSERT INTO LEOS_USER (USER_LOGIN,USER_PER_ID,USER_LASTNAME,USER_FIRSTNAME,USER_EMAIL) VALUES ('oruser2', 1005, 'Leos', 'User2', 'leos.s@mail.com');
INSERT INTO LEOS_USER (USER_LOGIN,USER_PER_ID,USER_LASTNAME,USER_FIRSTNAME,USER_EMAIL) VALUES ('oruser3', 1006, 'Leos', 'User3', 'leos.s@mail.com');
INSERT INTO LEOS_USER (USER_LOGIN,USER_PER_ID,USER_LASTNAME,USER_FIRSTNAME,USER_EMAIL) VALUES ('oruser4', 1007, 'Leos', 'User4', 'leos.s@mail.com');
INSERT INTO LEOS_USER (USER_LOGIN,USER_PER_ID,USER_LASTNAME,USER_FIRSTNAME,USER_EMAIL) VALUES ('oruser5', 1008, 'Leos', 'User5', 'leos.s@mail.com');
INSERT INTO LEOS_USER (USER_LOGIN,USER_PER_ID,USER_LASTNAME,USER_FIRSTNAME,USER_EMAIL) VALUES ('oruser6', 1009, 'Leos', 'User6', 'leos.s@mail.com');
INSERT INTO LEOS_USER (USER_LOGIN,USER_PER_ID,USER_LASTNAME,USER_FIRSTNAME,USER_EMAIL) VALUES ('oruser7', 1010, 'Leos', 'User7', 'leos.s@mail.com');
INSERT INTO LEOS_USER (USER_LOGIN,USER_PER_ID,USER_LASTNAME,USER_FIRSTNAME,USER_EMAIL) VALUES ('oruser8', 1011, 'Leos', 'User8', 'leos.s@mail.com');
INSERT INTO LEOS_USER (USER_LOGIN,USER_PER_ID,USER_LASTNAME,USER_FIRSTNAME,USER_EMAIL) VALUES ('oruser9', 1012, 'Leos', 'User9', 'leos.s@mail.com');
INSERT INTO LEOS_USER (USER_LOGIN,USER_PER_ID,USER_LASTNAME,USER_FIRSTNAME,USER_EMAIL) VALUES ('oruser10', 1013, 'Leos', 'User10', 'leos.s@mail.com');
INSERT INTO LEOS_USER (USER_LOGIN,USER_PER_ID,USER_LASTNAME,USER_FIRSTNAME,USER_EMAIL) VALUES ('oruser11', 1014, 'Leos', 'User11', 'leos.s@mail.com');
INSERT INTO LEOS_USER (USER_LOGIN,USER_PER_ID,USER_LASTNAME,USER_FIRSTNAME,USER_EMAIL) VALUES ('oruser12', 1015, 'Leos', 'User12', 'leos.s@mail.com');
INSERT INTO LEOS_USER (USER_LOGIN,USER_PER_ID,USER_LASTNAME,USER_FIRSTNAME,USER_EMAIL) VALUES ('oruser13', 1016, 'Leos', 'User13', 'leos.s@mail.com');
INSERT INTO LEOS_USER (USER_LOGIN,USER_PER_ID,USER_LASTNAME,USER_FIRSTNAME,USER_EMAIL) VALUES ('oruser14', 1017, 'Leos', 'User14', 'leos.s@mail.com');
INSERT INTO LEOS_USER (USER_LOGIN,USER_PER_ID,USER_LASTNAME,USER_FIRSTNAME,USER_EMAIL) VALUES ('oruser15', 1018, 'Leos', 'User15', 'leos.s@mail.com');
INSERT INTO LEOS_USER (USER_LOGIN,USER_PER_ID,USER_LASTNAME,USER_FIRSTNAME,USER_EMAIL) VALUES ('oruser16', 1019, 'Leos', 'User16', 'leos.s@mail.com');
INSERT INTO LEOS_USER (USER_LOGIN,USER_PER_ID,USER_LASTNAME,USER_FIRSTNAME,USER_EMAIL) VALUES ('aduser20', 1020, 'Leos', 'User20', 'leos.s@mail.com');
INSERT INTO LEOS_USER (USER_LOGIN,USER_PER_ID,USER_LASTNAME,USER_FIRSTNAME,USER_EMAIL) VALUES ('aduser21', 1021, 'Leos', 'User21', 'leos.s@mail.com');
INSERT INTO LEOS_USER (USER_LOGIN,USER_PER_ID,USER_LASTNAME,USER_FIRSTNAME,USER_EMAIL) VALUES ('beuser22', 1022, 'Leos', 'User22', 'leos.s@mail.com');
INSERT INTO LEOS_USER (USER_LOGIN,USER_PER_ID,USER_LASTNAME,USER_FIRSTNAME,USER_EMAIL) VALUES ('beuser23', 1023, 'Leos', 'User23', 'leos.s@mail.com');
INSERT INTO LEOS_USER (USER_LOGIN,USER_PER_ID,USER_LASTNAME,USER_FIRSTNAME,USER_EMAIL) VALUES ('cfuser24', 1024, 'Leos', 'User24', 'leos.s@mail.com');
INSERT INTO LEOS_USER (USER_LOGIN,USER_PER_ID,USER_LASTNAME,USER_FIRSTNAME,USER_EMAIL) VALUES ('cfuser25', 1025, 'Leos', 'User25', 'leos.s@mail.com');
INSERT INTO LEOS_USER (USER_LOGIN,USER_PER_ID,USER_LASTNAME,USER_FIRSTNAME,USER_EMAIL) VALUES ('dguser26', 1026, 'Leos', 'User26', 'leos.s@mail.com');
INSERT INTO LEOS_USER (USER_LOGIN,USER_PER_ID,USER_LASTNAME,USER_FIRSTNAME,USER_EMAIL) VALUES ('dguser27', 1027, 'Leos', 'User27', 'leos.s@mail.com');
INSERT INTO LEOS_USER (USER_LOGIN,USER_PER_ID,USER_LASTNAME,USER_FIRSTNAME,USER_EMAIL) VALUES ('ehuser28', 1028, 'Leos', 'User28', 'leos.s@mail.com');
INSERT INTO LEOS_USER (USER_LOGIN,USER_PER_ID,USER_LASTNAME,USER_FIRSTNAME,USER_EMAIL) VALUES ('ehuser29', 1029, 'Leos', 'User29', 'leos.s@mail.com');
INSERT INTO LEOS_USER (USER_LOGIN,USER_PER_ID,USER_LASTNAME,USER_FIRSTNAME,USER_EMAIL) VALUES ('fiuser30', 1030, 'Leos', 'User30', 'leos.s@mail.com');
INSERT INTO LEOS_USER (USER_LOGIN,USER_PER_ID,USER_LASTNAME,USER_FIRSTNAME,USER_EMAIL) VALUES ('fiuser31', 1031, 'Leos', 'User31', 'leos.s@mail.com');
INSERT INTO LEOS_USER (USER_LOGIN,USER_PER_ID,USER_LASTNAME,USER_FIRSTNAME,USER_EMAIL) VALUES ('gjuser32', 1032, 'Leos', 'User32', 'leos.s@mail.com');
INSERT INTO LEOS_USER (USER_LOGIN,USER_PER_ID,USER_LASTNAME,USER_FIRSTNAME,USER_EMAIL) VALUES ('gjuser33', 1033, 'Leos', 'User33', 'leos.s@mail.com');
INSERT INTO LEOS_USER (USER_LOGIN,USER_PER_ID,USER_LASTNAME,USER_FIRSTNAME,USER_EMAIL) VALUES ('hkuser34', 1034, 'Leos', 'User34', 'leos.s@mail.com');
INSERT INTO LEOS_USER (USER_LOGIN,USER_PER_ID,USER_LASTNAME,USER_FIRSTNAME,USER_EMAIL) VALUES ('hkuser35', 1035, 'Leos', 'User35', 'leos.s@mail.com');
INSERT INTO LEOS_USER (USER_LOGIN,USER_PER_ID,USER_LASTNAME,USER_FIRSTNAME,USER_EMAIL) VALUES ('iluser36', 1036, 'Leos', 'User36', 'leos.s@mail.com');
INSERT INTO LEOS_USER (USER_LOGIN,USER_PER_ID,USER_LASTNAME,USER_FIRSTNAME,USER_EMAIL) VALUES ('iluser37', 1037, 'Leos', 'User37', 'leos.s@mail.com');
INSERT INTO LEOS_USER (USER_LOGIN,USER_PER_ID,USER_LASTNAME,USER_FIRSTNAME,USER_EMAIL) VALUES ('jmuser38', 1038, 'Leos', 'User38', 'leos.s@mail.com');
INSERT INTO LEOS_USER (USER_LOGIN,USER_PER_ID,USER_LASTNAME,USER_FIRSTNAME,USER_EMAIL) VALUES ('jmuser39', 1039, 'Leos', 'User39', 'leos.s@mail.com');
INSERT INTO LEOS_USER (USER_LOGIN,USER_PER_ID,USER_LASTNAME,USER_FIRSTNAME,USER_EMAIL) VALUES ('knuser40', 1040, 'Leos', 'User40', 'leos.s@mail.com');
INSERT INTO LEOS_USER (USER_LOGIN,USER_PER_ID,USER_LASTNAME,USER_FIRSTNAME,USER_EMAIL) VALUES ('knuser41', 1041, 'Leos', 'User41', 'leos.s@mail.com');
INSERT INTO LEOS_USER (USER_LOGIN,USER_PER_ID,USER_LASTNAME,USER_FIRSTNAME,USER_EMAIL) VALUES ('louser42', 1042, 'Leos', 'User42', 'leos.s@mail.com');
INSERT INTO LEOS_USER (USER_LOGIN,USER_PER_ID,USER_LASTNAME,USER_FIRSTNAME,USER_EMAIL) VALUES ('louser43', 1043, 'Leos', 'User43', 'leos.s@mail.com');
INSERT INTO LEOS_USER (USER_LOGIN,USER_PER_ID,USER_LASTNAME,USER_FIRSTNAME,USER_EMAIL) VALUES ('mpuser44', 1044, 'Leos', 'User44', 'leos.s@mail.com');
INSERT INTO LEOS_USER (USER_LOGIN,USER_PER_ID,USER_LASTNAME,USER_FIRSTNAME,USER_EMAIL) VALUES ('mpuser45', 1045, 'Leos', 'User45', 'leos.s@mail.com');
INSERT INTO LEOS_USER (USER_LOGIN,USER_PER_ID,USER_LASTNAME,USER_FIRSTNAME,USER_EMAIL) VALUES ('nquser46', 1046, 'Leos', 'User46', 'leos.s@mail.com');
INSERT INTO LEOS_USER (USER_LOGIN,USER_PER_ID,USER_LASTNAME,USER_FIRSTNAME,USER_EMAIL) VALUES ('nquser47', 1047, 'Leos', 'User47', 'leos.s@mail.com');
INSERT INTO LEOS_USER (USER_LOGIN,USER_PER_ID,USER_LASTNAME,USER_FIRSTNAME,USER_EMAIL) VALUES ('oruser48', 1048, 'Leos', 'User48', 'leos.s@mail.com');
INSERT INTO LEOS_USER (USER_LOGIN,USER_PER_ID,USER_LASTNAME,USER_FIRSTNAME,USER_EMAIL) VALUES ('oruser49', 1049, 'Leos', 'User49', 'leos.s@mail.com');
INSERT INTO LEOS_USER (USER_LOGIN,USER_PER_ID,USER_LASTNAME,USER_FIRSTNAME,USER_EMAIL) VALUES ('psuser50', 1050, 'Leos', 'User50', 'leos.s@mail.com');
INSERT INTO LEOS_USER (USER_LOGIN,USER_PER_ID,USER_LASTNAME,USER_FIRSTNAME,USER_EMAIL) VALUES ('psuser51', 1051, 'Leos', 'User51', 'leos.s@mail.com');
INSERT INTO LEOS_USER (USER_LOGIN,USER_PER_ID,USER_LASTNAME,USER_FIRSTNAME,USER_EMAIL) VALUES ('qtuser52', 1052, 'Leos', 'User52', 'leos.s@mail.com');
INSERT INTO LEOS_USER (USER_LOGIN,USER_PER_ID,USER_LASTNAME,USER_FIRSTNAME,USER_EMAIL) VALUES ('qtuser53', 1053, 'Leos', 'User53', 'leos.s@mail.com');
INSERT INTO LEOS_USER (USER_LOGIN,USER_PER_ID,USER_LASTNAME,USER_FIRSTNAME,USER_EMAIL) VALUES ('ruuser54', 1054, 'Leos', 'User54', 'leos.s@mail.com');
INSERT INTO LEOS_USER (USER_LOGIN,USER_PER_ID,USER_LASTNAME,USER_FIRSTNAME,USER_EMAIL) VALUES ('ruuser55', 1055, 'Leos', 'User55', 'leos.s@mail.com');
INSERT INTO LEOS_USER (USER_LOGIN,USER_PER_ID,USER_LASTNAME,USER_FIRSTNAME,USER_EMAIL) VALUES ('svuser56', 1056, 'Leos', 'User56', 'leos.s@mail.com');
INSERT INTO LEOS_USER (USER_LOGIN,USER_PER_ID,USER_LASTNAME,USER_FIRSTNAME,USER_EMAIL) VALUES ('svuser57', 1057, 'Leos', 'User57', 'leos.s@mail.com');
INSERT INTO LEOS_USER (USER_LOGIN,USER_PER_ID,USER_LASTNAME,USER_FIRSTNAME,USER_EMAIL) VALUES ('twuser58', 1058, 'Leos', 'User58', 'leos.s@mail.com');
INSERT INTO LEOS_USER (USER_LOGIN,USER_PER_ID,USER_LASTNAME,USER_FIRSTNAME,USER_EMAIL) VALUES ('twuser59', 1059, 'Leos', 'User59', 'leos.s@mail.com');
INSERT INTO LEOS_USER (USER_LOGIN,USER_PER_ID,USER_LASTNAME,USER_FIRSTNAME,USER_EMAIL) VALUES ('uxuser60', 1060, 'Leos', 'User60', 'leos.s@mail.com');
INSERT INTO LEOS_USER (USER_LOGIN,USER_PER_ID,USER_LASTNAME,USER_FIRSTNAME,USER_EMAIL) VALUES ('uxuser61', 1061, 'Leos', 'User61', 'leos.s@mail.com');
INSERT INTO LEOS_USER (USER_LOGIN,USER_PER_ID,USER_LASTNAME,USER_FIRSTNAME,USER_EMAIL) VALUES ('vyuser62', 1062, 'Leos', 'User62', 'leos.s@mail.com');
INSERT INTO LEOS_USER (USER_LOGIN,USER_PER_ID,USER_LASTNAME,USER_FIRSTNAME,USER_EMAIL) VALUES ('vyuser63', 1063, 'Leos', 'User63', 'leos.s@mail.com');
INSERT INTO LEOS_USER (USER_LOGIN,USER_PER_ID,USER_LASTNAME,USER_FIRSTNAME,USER_EMAIL) VALUES ('wauser64', 1064, 'Leos', 'User64', 'leos.s@mail.com');
INSERT INTO LEOS_USER (USER_LOGIN,USER_PER_ID,USER_LASTNAME,USER_FIRSTNAME,USER_EMAIL) VALUES ('wauser65', 1065, 'Leos', 'User65', 'leos.s@mail.com');
INSERT INTO LEOS_USER (USER_LOGIN,USER_PER_ID,USER_LASTNAME,USER_FIRSTNAME,USER_EMAIL) VALUES ('xbuser66', 1066, 'Leos', 'User66', 'leos.s@mail.com');
INSERT INTO LEOS_USER (USER_LOGIN,USER_PER_ID,USER_LASTNAME,USER_FIRSTNAME,USER_EMAIL) VALUES ('xbuser67', 1067, 'Leos', 'User67', 'leos.s@mail.com');
INSERT INTO LEOS_USER (USER_LOGIN,USER_PER_ID,USER_LASTNAME,USER_FIRSTNAME,USER_EMAIL) VALUES ('ycuser68', 1068, 'Leos', 'User68', 'leos.s@mail.com');
INSERT INTO LEOS_USER (USER_LOGIN,USER_PER_ID,USER_LASTNAME,USER_FIRSTNAME,USER_EMAIL) VALUES ('ycuser69', 1069, 'Leos', 'User69', 'leos.s@mail.com');
INSERT INTO LEOS_USER (USER_LOGIN,USER_PER_ID,USER_LASTNAME,USER_FIRSTNAME,USER_EMAIL) VALUES ('aduser70', 1070, 'Leos', 'User70', 'leos.s@mail.com');
INSERT INTO LEOS_USER (USER_LOGIN,USER_PER_ID,USER_LASTNAME,USER_FIRSTNAME,USER_EMAIL) VALUES ('aduser71', 1071, 'Leos', 'User71', 'leos.s@mail.com');
INSERT INTO LEOS_USER (USER_LOGIN,USER_PER_ID,USER_LASTNAME,USER_FIRSTNAME,USER_EMAIL) VALUES ('beuser72', 1072, 'Leos', 'User72', 'leos.s@mail.com');
INSERT INTO LEOS_USER (USER_LOGIN,USER_PER_ID,USER_LASTNAME,USER_FIRSTNAME,USER_EMAIL) VALUES ('beuser73', 1073, 'Leos', 'User73', 'leos.s@mail.com');
INSERT INTO LEOS_USER (USER_LOGIN,USER_PER_ID,USER_LASTNAME,USER_FIRSTNAME,USER_EMAIL) VALUES ('fcuser74', 1074, 'Leos', 'User74', 'leos.s@mail.com');
INSERT INTO LEOS_USER (USER_LOGIN,USER_PER_ID,USER_LASTNAME,USER_FIRSTNAME,USER_EMAIL) VALUES ('fcuser75', 1075, 'Leos', 'User75', 'leos.s@mail.com');
INSERT INTO LEOS_USER (USER_LOGIN,USER_PER_ID,USER_LASTNAME,USER_FIRSTNAME,USER_EMAIL) VALUES ('zxuser76', 1076, 'Leos', 'User76', 'leos.s@mail.com');
INSERT INTO LEOS_USER (USER_LOGIN,USER_PER_ID,USER_LASTNAME,USER_FIRSTNAME,USER_EMAIL) VALUES ('tzuser77', 1077, 'Leos', 'User77', 'leos.s@mail.com');
INSERT INTO LEOS_USER (USER_LOGIN,USER_PER_ID,USER_LASTNAME,USER_FIRSTNAME,USER_EMAIL) VALUES ('tzuser78', 1078, 'Leos', 'User78', 'leos.s@mail.com');
INSERT INTO LEOS_USER (USER_LOGIN,USER_PER_ID,USER_LASTNAME,USER_FIRSTNAME,USER_EMAIL) VALUES ('knuser80', 1079, 'Leos', 'User80', 'leos.s@mail.com');
INSERT INTO LEOS_USER (USER_LOGIN,USER_PER_ID,USER_LASTNAME,USER_FIRSTNAME,USER_EMAIL) VALUES ('tzuser81', 1080, 'Leos', 'User81', 'leos.s@mail.com');
INSERT INTO LEOS_USER (USER_LOGIN,USER_PER_ID,USER_LASTNAME,USER_FIRSTNAME,USER_EMAIL) VALUES ('dasatya', 1081, 'Das', 'Satyabrata', 'satyabrata.das@ext.ec.europa.eu');
INSERT INTO LEOS_USER (USER_LOGIN,USER_PER_ID,USER_LASTNAME,USER_FIRSTNAME,USER_EMAIL) VALUES ('a00012yl', 1082, 'a00012yl', 'Test', 'satyabrata.das@ext.ec.europa.eu');
INSERT INTO LEOS_USER (USER_LOGIN,USER_PER_ID,USER_LASTNAME,USER_FIRSTNAME,USER_EMAIL) VALUES ('n00015oj', 1083, 'Test1', 'Test1', 'satyabrata.das@ext.ec.europa.eu');
INSERT INTO LEOS_USER (USER_LOGIN,USER_PER_ID,USER_LASTNAME,USER_FIRSTNAME,USER_EMAIL) VALUES ('n00015ok', 1084, 'Test2', 'Test2', 'satyabrata.das@ext.ec.europa.eu');
INSERT INTO LEOS_USER (USER_LOGIN,USER_PER_ID,USER_LASTNAME,USER_FIRSTNAME,USER_EMAIL) VALUES ('n000181g', 1085, 'Test6', 'Test6', 'satyabrata.das@ext.ec.europa.eu');
INSERT INTO LEOS_USER (USER_LOGIN,USER_PER_ID,USER_LASTNAME,USER_FIRSTNAME,USER_EMAIL) VALUES ('n000181h', 1086, 'Test7', 'Test7', 'satyabrata.das@ext.ec.europa.eu');
INSERT INTO LEOS_USER (USER_LOGIN,USER_PER_ID,USER_LASTNAME,USER_FIRSTNAME,USER_EMAIL) VALUES ('ehuser82', 1087, 'Leos', 'User82', 'leos.s@mail.com');
INSERT INTO LEOS_USER (USER_LOGIN,USER_PER_ID,USER_LASTNAME,USER_FIRSTNAME,USER_EMAIL) VALUES ('ehuser83', 1088, 'Leos', 'User83', 'leos.s@mail.com');
INSERT INTO LEOS_USER (USER_LOGIN,USER_PER_ID,USER_LASTNAME,USER_FIRSTNAME,USER_EMAIL) VALUES ('ehuser84', 1089, 'Leos', 'User84', 'leos.s@mail.com');
INSERT INTO LEOS_USER (USER_LOGIN,USER_PER_ID,USER_LASTNAME,USER_FIRSTNAME,USER_EMAIL) VALUES ('ehuser85', 1090, 'Leos', 'User85', 'leos.s@mail.com');
INSERT INTO LEOS_USER (USER_LOGIN,USER_PER_ID,USER_LASTNAME,USER_FIRSTNAME,USER_EMAIL) VALUES ('ehuser86', 1091, 'Leos', 'User86', 'leos.s@mail.com');
INSERT INTO LEOS_USER (USER_LOGIN,USER_PER_ID,USER_LASTNAME,USER_FIRSTNAME,USER_EMAIL) VALUES ('aduser87', 1092, 'Leos', 'User87', 'leos.s@mail.com');
INSERT INTO LEOS_USER (USER_LOGIN,USER_PER_ID,USER_LASTNAME,USER_FIRSTNAME,USER_EMAIL) VALUES ('aduser88', 1093, 'Leos', 'User88', 'leos.s@mail.com');
INSERT INTO LEOS_USER (USER_LOGIN,USER_PER_ID,USER_LASTNAME,USER_FIRSTNAME,USER_EMAIL) VALUES ('aduser89', 1094, 'Leos', 'User89', 'leos.s@mail.com');
INSERT INTO LEOS_USER (USER_LOGIN,USER_PER_ID,USER_LASTNAME,USER_FIRSTNAME,USER_EMAIL) VALUES ('aduser90', 1095, 'Leos', 'User90', 'leos.s@mail.com');
INSERT INTO LEOS_USER (USER_LOGIN,USER_PER_ID,USER_LASTNAME,USER_FIRSTNAME,USER_EMAIL) VALUES ('beuser91', 1096, 'Leos', 'User91', 'leos.s@mail.com');
INSERT INTO LEOS_USER (USER_LOGIN,USER_PER_ID,USER_LASTNAME,USER_FIRSTNAME,USER_EMAIL) VALUES ('beuser92', 1097, 'Leos', 'User92', 'leos.s@mail.com');
INSERT INTO LEOS_USER (USER_LOGIN,USER_PER_ID,USER_LASTNAME,USER_FIRSTNAME,USER_EMAIL) VALUES ('beuser93', 1098, 'Leos', 'User93', 'leos.s@mail.com');
INSERT INTO LEOS_USER (USER_LOGIN,USER_PER_ID,USER_LASTNAME,USER_FIRSTNAME,USER_EMAIL) VALUES ('beuser94', 1099, 'Leos', 'User94', 'leos.s@mail.com');
INSERT INTO LEOS_USER (USER_LOGIN,USER_PER_ID,USER_LASTNAME,USER_FIRSTNAME,USER_EMAIL) VALUES ('cfuser95', 1100, 'Leos', 'User95', 'leos.s@mail.com');
INSERT INTO LEOS_USER (USER_LOGIN,USER_PER_ID,USER_LASTNAME,USER_FIRSTNAME,USER_EMAIL) VALUES ('cfuser96', 1101, 'Leos', 'User96', 'leos.s@mail.com');
INSERT INTO LEOS_USER (USER_LOGIN,USER_PER_ID,USER_LASTNAME,USER_FIRSTNAME,USER_EMAIL) VALUES ('cfuser97', 1102, 'Leos', 'User97', 'leos.s@mail.com');
INSERT INTO LEOS_USER (USER_LOGIN,USER_PER_ID,USER_LASTNAME,USER_FIRSTNAME,USER_EMAIL) VALUES ('cfuser98', 1103, 'Leos', 'User98', 'leos.s@mail.com');
INSERT INTO LEOS_USER (USER_LOGIN,USER_PER_ID,USER_LASTNAME,USER_FIRSTNAME,USER_EMAIL) VALUES ('cfuser99', 1104, 'Leos', 'User99', 'leos.s@mail.com');
INSERT INTO LEOS_USER (USER_LOGIN,USER_PER_ID,USER_LASTNAME,USER_FIRSTNAME,USER_EMAIL) VALUES ('dguser100', 1105, 'Leos', 'User100', 'leos.s@mail.com');
INSERT INTO LEOS_USER (USER_LOGIN,USER_PER_ID,USER_LASTNAME,USER_FIRSTNAME,USER_EMAIL) VALUES ('dguser101', 1106, 'Leos', 'User101', 'leos.s@mail.com');
INSERT INTO LEOS_USER (USER_LOGIN,USER_PER_ID,USER_LASTNAME,USER_FIRSTNAME,USER_EMAIL) VALUES ('dguser102', 1107, 'Leos', 'User102', 'leos.s@mail.com');
INSERT INTO LEOS_USER (USER_LOGIN,USER_PER_ID,USER_LASTNAME,USER_FIRSTNAME,USER_EMAIL) VALUES ('dguser103', 1108, 'Leos', 'User103', 'leos.s@mail.com');
INSERT INTO LEOS_USER (USER_LOGIN,USER_PER_ID,USER_LASTNAME,USER_FIRSTNAME,USER_EMAIL) VALUES ('fiuser104', 1109, 'Leos', 'User104', 'leos.s@mail.com');
INSERT INTO LEOS_USER (USER_LOGIN,USER_PER_ID,USER_LASTNAME,USER_FIRSTNAME,USER_EMAIL) VALUES ('fiuser105', 1110, 'Leos', 'User105', 'leos.s@mail.com');
INSERT INTO LEOS_USER (USER_LOGIN,USER_PER_ID,USER_LASTNAME,USER_FIRSTNAME,USER_EMAIL) VALUES ('fiuser106', 1111, 'Leos', 'User106', 'leos.s@mail.com');
INSERT INTO LEOS_USER (USER_LOGIN,USER_PER_ID,USER_LASTNAME,USER_FIRSTNAME,USER_EMAIL) VALUES ('fiuser107', 1112, 'Leos', 'User107', 'leos.s@mail.com');
INSERT INTO LEOS_USER (USER_LOGIN,USER_PER_ID,USER_LASTNAME,USER_FIRSTNAME,USER_EMAIL) VALUES ('cabinet03', 2003, 'Cabinet03', 'Cabinet03', 'leos.s@mail.com');
INSERT INTO LEOS_USER (USER_LOGIN,USER_PER_ID,USER_LASTNAME,USER_FIRSTNAME,USER_EMAIL) VALUES ('cabinet04', 2004, 'Cabinet04', 'Cabinet04', 'leos.s@mail.com');
INSERT INTO LEOS_USER (USER_LOGIN,USER_PER_ID,USER_LASTNAME,USER_FIRSTNAME,USER_EMAIL) VALUES ('cabinet15', 2015, 'Cabinet15', 'Cabinet15', 'leos.s@mail.com');
INSERT INTO LEOS_USER (USER_LOGIN,USER_PER_ID,USER_LASTNAME,USER_FIRSTNAME,USER_EMAIL) VALUES ('cabinet16', 2016, 'Cabinet16', 'Cabinet16', 'leos.s@mail.com');
INSERT INTO LEOS_USER (USER_LOGIN,USER_PER_ID,USER_LASTNAME,USER_FIRSTNAME,USER_EMAIL) VALUES ('cabinet20', 2020, 'Cabinet20', 'Cabinet20', 'leos.s@mail.com');
INSERT INTO LEOS_USER (USER_LOGIN,USER_PER_ID,USER_LASTNAME,USER_FIRSTNAME,USER_EMAIL) VALUES ('dg-agri', 3000, 'dg-agri', 'dg-agri', 'leos.s@mail.com');

INSERT INTO LEOS_ROLE (ROLE_NAME, ROLE_DESC) VALUES ('SUPPORT', 'Support role');
INSERT INTO LEOS_ROLE (ROLE_NAME, ROLE_DESC) VALUES ('ADMIN', 'Admin role');

INSERT INTO LEOS_USER_ROLE (USER_LOGIN, ROLE_NAME) VALUES ('jane', 'SUPPORT');
INSERT INTO LEOS_USER_ROLE (USER_LOGIN, ROLE_NAME) VALUES ('leos', 'SUPPORT');
INSERT INTO LEOS_USER_ROLE (USER_LOGIN, ROLE_NAME) VALUES ('admin', 'ADMIN');
INSERT INTO LEOS_USER_ROLE (USER_LOGIN, ROLE_NAME) VALUES ('dasatya', 'SUPPORT');
INSERT INTO LEOS_USER_ROLE (USER_LOGIN, ROLE_NAME) VALUES ('a00012yl', 'SUPPORT');

INSERT INTO LEOS_ENTITY (ENTITY_ID, ENTITY_NAME, ENTITY_PARENT_ID, ENTITY_ORG_NAME) VALUES ('1', 'CNECT', null, 'CNECT');
INSERT INTO LEOS_ENTITY (ENTITY_ID, ENTITY_NAME, ENTITY_PARENT_ID, ENTITY_ORG_NAME) VALUES ('2', 'CNECT.DDG2', '1', 'CNECT');
INSERT INTO LEOS_ENTITY (ENTITY_ID, ENTITY_NAME, ENTITY_PARENT_ID, ENTITY_ORG_NAME) VALUES ('3', 'CNECT.DDG2.G', '2', 'CNECT');
INSERT INTO LEOS_ENTITY (ENTITY_ID, ENTITY_NAME, ENTITY_PARENT_ID, ENTITY_ORG_NAME) VALUES ('4', 'CNECT.DDG2.G.3', '3', 'CNECT');
INSERT INTO LEOS_ENTITY (ENTITY_ID, ENTITY_NAME, ENTITY_PARENT_ID, ENTITY_ORG_NAME) VALUES ('5', 'DGT', null, 'DGT');
INSERT INTO LEOS_ENTITY (ENTITY_ID, ENTITY_NAME, ENTITY_PARENT_ID, ENTITY_ORG_NAME) VALUES ('6', 'DGT.R', '5', 'DGT');
INSERT INTO LEOS_ENTITY (ENTITY_ID, ENTITY_NAME, ENTITY_PARENT_ID, ENTITY_ORG_NAME) VALUES ('7', 'DGT.R.3', '6', 'DGT');
INSERT INTO LEOS_ENTITY (ENTITY_ID, ENTITY_NAME, ENTITY_PARENT_ID, ENTITY_ORG_NAME) VALUES ('8', 'DGT.R.3.002T', '7', 'DGT');
INSERT INTO LEOS_ENTITY (ENTITY_ID, ENTITY_NAME, ENTITY_PARENT_ID, ENTITY_ORG_NAME) VALUES ('9', 'EE', null, 'EE');
INSERT INTO LEOS_ENTITY (ENTITY_ID, ENTITY_NAME, ENTITY_PARENT_ID, ENTITY_ORG_NAME) VALUES ('10', 'AGRI', null, 'AGRI');
INSERT INTO LEOS_ENTITY (ENTITY_ID, ENTITY_NAME, ENTITY_PARENT_ID, ENTITY_ORG_NAME) VALUES ('11', 'DIGIT', null, 'DIGIT');
INSERT INTO LEOS_ENTITY (ENTITY_ID, ENTITY_NAME, ENTITY_PARENT_ID, ENTITY_ORG_NAME) VALUES ('12', 'SG', null, 'SG');
INSERT INTO LEOS_ENTITY (ENTITY_ID, ENTITY_NAME, ENTITY_PARENT_ID, ENTITY_ORG_NAME) VALUES ('13', 'SJ', null, 'SJ');
INSERT INTO LEOS_ENTITY (ENTITY_ID, ENTITY_NAME, ENTITY_PARENT_ID, ENTITY_ORG_NAME) VALUES ('14', 'DG', null, 'DG');
INSERT INTO LEOS_ENTITY (ENTITY_ID, ENTITY_NAME, ENTITY_PARENT_ID, ENTITY_ORG_NAME) VALUES ('15', 'Presidency', null, 'Presidency');
INSERT INTO LEOS_ENTITY (ENTITY_ID, ENTITY_NAME, ENTITY_PARENT_ID, ENTITY_ORG_NAME) VALUES ('16', 'DQL', null, 'DQL');
INSERT INTO LEOS_ENTITY (ENTITY_ID, ENTITY_NAME, ENTITY_PARENT_ID, ENTITY_ORG_NAME) VALUES ('17', 'COM', null, 'COM');
INSERT INTO LEOS_ENTITY (ENTITY_ID, ENTITY_NAME, ENTITY_PARENT_ID, ENTITY_ORG_NAME) VALUES ('18', 'LS', null, 'LS');
INSERT INTO LEOS_ENTITY (ENTITY_ID, ENTITY_NAME, ENTITY_PARENT_ID, ENTITY_ORG_NAME) VALUES ('19', 'CNECT.DDG2.G.4', '3', 'CNECT');
INSERT INTO LEOS_ENTITY (ENTITY_ID, ENTITY_NAME, ENTITY_PARENT_ID, ENTITY_ORG_NAME) VALUES ('20', 'CA.3', null, 'CAB.VIRKKUNEN');
INSERT INTO LEOS_ENTITY (ENTITY_ID, ENTITY_NAME, ENTITY_PARENT_ID, ENTITY_ORG_NAME) VALUES ('21', 'CA.4', null, 'CAB.SÉJOURNÉ');
INSERT INTO LEOS_ENTITY (ENTITY_ID, ENTITY_NAME, ENTITY_PARENT_ID, ENTITY_ORG_NAME) VALUES ('22', 'CA.15', null, 'CAB.SÍKELA');
INSERT INTO LEOS_ENTITY (ENTITY_ID, ENTITY_NAME, ENTITY_PARENT_ID, ENTITY_ORG_NAME) VALUES ('23', 'CA.16', null, 'CAB.KADIS');
INSERT INTO LEOS_ENTITY (ENTITY_ID, ENTITY_NAME, ENTITY_PARENT_ID, ENTITY_ORG_NAME) VALUES ('24', 'CA.20', null, 'CAB.ROSWALL');

INSERT INTO LEOS_USER_ENTITY (USER_LOGIN, ENTITY_ID) VALUES ('demo', '4');
INSERT INTO LEOS_USER_ENTITY (USER_LOGIN, ENTITY_ID) VALUES ('demo', '8');
INSERT INTO LEOS_USER_ENTITY (USER_LOGIN, ENTITY_ID) VALUES ('john', '3');
INSERT INTO LEOS_USER_ENTITY (USER_LOGIN, ENTITY_ID) VALUES ('jane', '7');
INSERT INTO LEOS_USER_ENTITY (USER_LOGIN, ENTITY_ID) VALUES ('luke', '8');
INSERT INTO LEOS_USER_ENTITY (USER_LOGIN, ENTITY_ID) VALUES ('leia', '2');
INSERT INTO LEOS_USER_ENTITY (USER_LOGIN, ENTITY_ID) VALUES ('han', '4');
INSERT INTO LEOS_USER_ENTITY (USER_LOGIN, ENTITY_ID) VALUES ('chewie', '3');
INSERT INTO LEOS_USER_ENTITY (USER_LOGIN, ENTITY_ID) VALUES ('c3po', '6');
INSERT INTO LEOS_USER_ENTITY (USER_LOGIN, ENTITY_ID) VALUES ('r2d2', '4');
INSERT INTO LEOS_USER_ENTITY (USER_LOGIN, ENTITY_ID) VALUES ('vader', '3');
INSERT INTO LEOS_USER_ENTITY (USER_LOGIN, ENTITY_ID) VALUES ('leos', '2');
INSERT INTO LEOS_USER_ENTITY (USER_LOGIN, ENTITY_ID) VALUES ('admin', '3');
INSERT INTO LEOS_USER_ENTITY (USER_LOGIN, ENTITY_ID) VALUES ('admin', '4');
INSERT INTO LEOS_USER_ENTITY (USER_LOGIN, ENTITY_ID) VALUES ('iluser1', '9');
INSERT INTO LEOS_USER_ENTITY (USER_LOGIN, ENTITY_ID) VALUES ('gjuser17', '9');
INSERT INTO LEOS_USER_ENTITY (USER_LOGIN, ENTITY_ID) VALUES ('gjuser18', '9');
INSERT INTO LEOS_USER_ENTITY (USER_LOGIN, ENTITY_ID) VALUES ('gjuser19', '9');
INSERT INTO LEOS_USER_ENTITY (USER_LOGIN, ENTITY_ID) VALUES ('oruser2', '9');
INSERT INTO LEOS_USER_ENTITY (USER_LOGIN, ENTITY_ID) VALUES ('oruser3', '9');
INSERT INTO LEOS_USER_ENTITY (USER_LOGIN, ENTITY_ID) VALUES ('oruser4', '9');
INSERT INTO LEOS_USER_ENTITY (USER_LOGIN, ENTITY_ID) VALUES ('oruser5', '9');
INSERT INTO LEOS_USER_ENTITY (USER_LOGIN, ENTITY_ID) VALUES ('oruser6', '9');
INSERT INTO LEOS_USER_ENTITY (USER_LOGIN, ENTITY_ID) VALUES ('oruser7', '9');
INSERT INTO LEOS_USER_ENTITY (USER_LOGIN, ENTITY_ID) VALUES ('oruser8', '9');
INSERT INTO LEOS_USER_ENTITY (USER_LOGIN, ENTITY_ID) VALUES ('oruser9', '9');
INSERT INTO LEOS_USER_ENTITY (USER_LOGIN, ENTITY_ID) VALUES ('oruser10', '9');
INSERT INTO LEOS_USER_ENTITY (USER_LOGIN, ENTITY_ID) VALUES ('oruser11', '9');
INSERT INTO LEOS_USER_ENTITY (USER_LOGIN, ENTITY_ID) VALUES ('oruser12', '9');
INSERT INTO LEOS_USER_ENTITY (USER_LOGIN, ENTITY_ID) VALUES ('oruser13', '9');
INSERT INTO LEOS_USER_ENTITY (USER_LOGIN, ENTITY_ID) VALUES ('oruser14', '9');
INSERT INTO LEOS_USER_ENTITY (USER_LOGIN, ENTITY_ID) VALUES ('oruser15', '9');
INSERT INTO LEOS_USER_ENTITY (USER_LOGIN, ENTITY_ID) VALUES ('oruser16', '9');
INSERT INTO LEOS_USER_ENTITY (USER_LOGIN, ENTITY_ID) VALUES ('aduser20', '9');
INSERT INTO LEOS_USER_ENTITY (USER_LOGIN, ENTITY_ID) VALUES ('aduser21', '9');
INSERT INTO LEOS_USER_ENTITY (USER_LOGIN, ENTITY_ID) VALUES ('beuser22', '9');
INSERT INTO LEOS_USER_ENTITY (USER_LOGIN, ENTITY_ID) VALUES ('beuser23', '9');
INSERT INTO LEOS_USER_ENTITY (USER_LOGIN, ENTITY_ID) VALUES ('cfuser24', '9');
INSERT INTO LEOS_USER_ENTITY (USER_LOGIN, ENTITY_ID) VALUES ('cfuser25', '9');
INSERT INTO LEOS_USER_ENTITY (USER_LOGIN, ENTITY_ID) VALUES ('dguser26', '9');
INSERT INTO LEOS_USER_ENTITY (USER_LOGIN, ENTITY_ID) VALUES ('dguser27', '9');
INSERT INTO LEOS_USER_ENTITY (USER_LOGIN, ENTITY_ID) VALUES ('ehuser28', '9');
INSERT INTO LEOS_USER_ENTITY (USER_LOGIN, ENTITY_ID) VALUES ('ehuser29', '9');
INSERT INTO LEOS_USER_ENTITY (USER_LOGIN, ENTITY_ID) VALUES ('fiuser30', '9');
INSERT INTO LEOS_USER_ENTITY (USER_LOGIN, ENTITY_ID) VALUES ('fiuser31', '9');
INSERT INTO LEOS_USER_ENTITY (USER_LOGIN, ENTITY_ID) VALUES ('gjuser32', '9');
INSERT INTO LEOS_USER_ENTITY (USER_LOGIN, ENTITY_ID) VALUES ('gjuser33', '9');
INSERT INTO LEOS_USER_ENTITY (USER_LOGIN, ENTITY_ID) VALUES ('hkuser34', '9');
INSERT INTO LEOS_USER_ENTITY (USER_LOGIN, ENTITY_ID) VALUES ('hkuser35', '9');
INSERT INTO LEOS_USER_ENTITY (USER_LOGIN, ENTITY_ID) VALUES ('iluser36', '9');
INSERT INTO LEOS_USER_ENTITY (USER_LOGIN, ENTITY_ID) VALUES ('iluser37', '9');
INSERT INTO LEOS_USER_ENTITY (USER_LOGIN, ENTITY_ID) VALUES ('jmuser38', '9');
INSERT INTO LEOS_USER_ENTITY (USER_LOGIN, ENTITY_ID) VALUES ('jmuser39', '9');
INSERT INTO LEOS_USER_ENTITY (USER_LOGIN, ENTITY_ID) VALUES ('knuser40', '9');
INSERT INTO LEOS_USER_ENTITY (USER_LOGIN, ENTITY_ID) VALUES ('knuser41', '9');
INSERT INTO LEOS_USER_ENTITY (USER_LOGIN, ENTITY_ID) VALUES ('louser42', '9');
INSERT INTO LEOS_USER_ENTITY (USER_LOGIN, ENTITY_ID) VALUES ('louser43', '9');
INSERT INTO LEOS_USER_ENTITY (USER_LOGIN, ENTITY_ID) VALUES ('mpuser44', '9');
INSERT INTO LEOS_USER_ENTITY (USER_LOGIN, ENTITY_ID) VALUES ('mpuser45', '9');
INSERT INTO LEOS_USER_ENTITY (USER_LOGIN, ENTITY_ID) VALUES ('nquser46', '9');
INSERT INTO LEOS_USER_ENTITY (USER_LOGIN, ENTITY_ID) VALUES ('nquser47', '9');
INSERT INTO LEOS_USER_ENTITY (USER_LOGIN, ENTITY_ID) VALUES ('oruser48', '9');
INSERT INTO LEOS_USER_ENTITY (USER_LOGIN, ENTITY_ID) VALUES ('oruser49', '9');
INSERT INTO LEOS_USER_ENTITY (USER_LOGIN, ENTITY_ID) VALUES ('psuser50', '9');
INSERT INTO LEOS_USER_ENTITY (USER_LOGIN, ENTITY_ID) VALUES ('psuser51', '9');
INSERT INTO LEOS_USER_ENTITY (USER_LOGIN, ENTITY_ID) VALUES ('qtuser52', '9');
INSERT INTO LEOS_USER_ENTITY (USER_LOGIN, ENTITY_ID) VALUES ('qtuser53', '9');
INSERT INTO LEOS_USER_ENTITY (USER_LOGIN, ENTITY_ID) VALUES ('ruuser54', '9');
INSERT INTO LEOS_USER_ENTITY (USER_LOGIN, ENTITY_ID) VALUES ('ruuser55', '9');
INSERT INTO LEOS_USER_ENTITY (USER_LOGIN, ENTITY_ID) VALUES ('svuser56', '9');
INSERT INTO LEOS_USER_ENTITY (USER_LOGIN, ENTITY_ID) VALUES ('svuser57', '9');
INSERT INTO LEOS_USER_ENTITY (USER_LOGIN, ENTITY_ID) VALUES ('twuser58', '9');
INSERT INTO LEOS_USER_ENTITY (USER_LOGIN, ENTITY_ID) VALUES ('twuser59', '9');
INSERT INTO LEOS_USER_ENTITY (USER_LOGIN, ENTITY_ID) VALUES ('uxuser60', '9');
INSERT INTO LEOS_USER_ENTITY (USER_LOGIN, ENTITY_ID) VALUES ('uxuser61', '9');
INSERT INTO LEOS_USER_ENTITY (USER_LOGIN, ENTITY_ID) VALUES ('vyuser62', '9');
INSERT INTO LEOS_USER_ENTITY (USER_LOGIN, ENTITY_ID) VALUES ('vyuser63', '9');
INSERT INTO LEOS_USER_ENTITY (USER_LOGIN, ENTITY_ID) VALUES ('wauser64', '9');
INSERT INTO LEOS_USER_ENTITY (USER_LOGIN, ENTITY_ID) VALUES ('wauser65', '9');
INSERT INTO LEOS_USER_ENTITY (USER_LOGIN, ENTITY_ID) VALUES ('xbuser66', '9');
INSERT INTO LEOS_USER_ENTITY (USER_LOGIN, ENTITY_ID) VALUES ('xbuser67', '9');
INSERT INTO LEOS_USER_ENTITY (USER_LOGIN, ENTITY_ID) VALUES ('ycuser68', '9');
INSERT INTO LEOS_USER_ENTITY (USER_LOGIN, ENTITY_ID) VALUES ('ycuser69', '9');
INSERT INTO LEOS_USER_ENTITY (USER_LOGIN, ENTITY_ID) VALUES ('aduser70', '9');
INSERT INTO LEOS_USER_ENTITY (USER_LOGIN, ENTITY_ID) VALUES ('aduser71', '9');
INSERT INTO LEOS_USER_ENTITY (USER_LOGIN, ENTITY_ID) VALUES ('beuser72', '9');
INSERT INTO LEOS_USER_ENTITY (USER_LOGIN, ENTITY_ID) VALUES ('beuser73', '9');
INSERT INTO LEOS_USER_ENTITY (USER_LOGIN, ENTITY_ID) VALUES ('fcuser74', '9');
INSERT INTO LEOS_USER_ENTITY (USER_LOGIN, ENTITY_ID) VALUES ('fcuser75', '9');
INSERT INTO LEOS_USER_ENTITY (USER_LOGIN, ENTITY_ID) VALUES ('zxuser76', '9');
INSERT INTO LEOS_USER_ENTITY (USER_LOGIN, ENTITY_ID) VALUES ('tzuser77', '9');
INSERT INTO LEOS_USER_ENTITY (USER_LOGIN, ENTITY_ID) VALUES ('tzuser78', '9');
INSERT INTO LEOS_USER_ENTITY (USER_LOGIN, ENTITY_ID) VALUES ('knuser80', '9');
INSERT INTO LEOS_USER_ENTITY (USER_LOGIN, ENTITY_ID) VALUES ('tzuser81', '9');
INSERT INTO LEOS_USER_ENTITY (USER_LOGIN, ENTITY_ID) VALUES ('dasatya', '10');
INSERT INTO LEOS_USER_ENTITY (USER_LOGIN, ENTITY_ID) VALUES ('dasatya', '11');
INSERT INTO LEOS_USER_ENTITY (USER_LOGIN, ENTITY_ID) VALUES ('dasatya', '12');
INSERT INTO LEOS_USER_ENTITY (USER_LOGIN, ENTITY_ID) VALUES ('dasatya', '13');
INSERT INTO LEOS_USER_ENTITY (USER_LOGIN, ENTITY_ID) VALUES ('a00012yl', '10');
INSERT INTO LEOS_USER_ENTITY (USER_LOGIN, ENTITY_ID) VALUES ('a00012yl', '11');
INSERT INTO LEOS_USER_ENTITY (USER_LOGIN, ENTITY_ID) VALUES ('a00012yl', '12');
INSERT INTO LEOS_USER_ENTITY (USER_LOGIN, ENTITY_ID) VALUES ('a00012yl', '13');
INSERT INTO LEOS_USER_ENTITY (USER_LOGIN, ENTITY_ID) VALUES ('n00015oj', '14');
INSERT INTO LEOS_USER_ENTITY (USER_LOGIN, ENTITY_ID) VALUES ('n00015ok', '15');
INSERT INTO LEOS_USER_ENTITY (USER_LOGIN, ENTITY_ID) VALUES ('n000181g', '14');
INSERT INTO LEOS_USER_ENTITY (USER_LOGIN, ENTITY_ID) VALUES ('n000181h', '15');
INSERT INTO LEOS_USER_ENTITY (USER_LOGIN, ENTITY_ID) VALUES ('ehuser82', '9');
INSERT INTO LEOS_USER_ENTITY (USER_LOGIN, ENTITY_ID) VALUES ('ehuser83', '9');
INSERT INTO LEOS_USER_ENTITY (USER_LOGIN, ENTITY_ID) VALUES ('ehuser84', '9');
INSERT INTO LEOS_USER_ENTITY (USER_LOGIN, ENTITY_ID) VALUES ('ehuser85', '9');
INSERT INTO LEOS_USER_ENTITY (USER_LOGIN, ENTITY_ID) VALUES ('ehuser86', '9');
INSERT INTO LEOS_USER_ENTITY (USER_LOGIN, ENTITY_ID) VALUES ('aduser87', '9');
INSERT INTO LEOS_USER_ENTITY (USER_LOGIN, ENTITY_ID) VALUES ('aduser88', '9');
INSERT INTO LEOS_USER_ENTITY (USER_LOGIN, ENTITY_ID) VALUES ('aduser89', '9');
INSERT INTO LEOS_USER_ENTITY (USER_LOGIN, ENTITY_ID) VALUES ('aduser90', '9');
INSERT INTO LEOS_USER_ENTITY (USER_LOGIN, ENTITY_ID) VALUES ('beuser91', '9');
INSERT INTO LEOS_USER_ENTITY (USER_LOGIN, ENTITY_ID) VALUES ('beuser92', '9');
INSERT INTO LEOS_USER_ENTITY (USER_LOGIN, ENTITY_ID) VALUES ('beuser93', '9');
INSERT INTO LEOS_USER_ENTITY (USER_LOGIN, ENTITY_ID) VALUES ('beuser94', '9');
INSERT INTO LEOS_USER_ENTITY (USER_LOGIN, ENTITY_ID) VALUES ('cfuser95', '9');
INSERT INTO LEOS_USER_ENTITY (USER_LOGIN, ENTITY_ID) VALUES ('cfuser96', '9');
INSERT INTO LEOS_USER_ENTITY (USER_LOGIN, ENTITY_ID) VALUES ('cfuser97', '9');
INSERT INTO LEOS_USER_ENTITY (USER_LOGIN, ENTITY_ID) VALUES ('cfuser98', '9');
INSERT INTO LEOS_USER_ENTITY (USER_LOGIN, ENTITY_ID) VALUES ('cfuser99', '9');
INSERT INTO LEOS_USER_ENTITY (USER_LOGIN, ENTITY_ID) VALUES ('dguser100', '9');
INSERT INTO LEOS_USER_ENTITY (USER_LOGIN, ENTITY_ID) VALUES ('dguser101', '9');
INSERT INTO LEOS_USER_ENTITY (USER_LOGIN, ENTITY_ID) VALUES ('dguser102', '9');
INSERT INTO LEOS_USER_ENTITY (USER_LOGIN, ENTITY_ID) VALUES ('dguser103', '9');
INSERT INTO LEOS_USER_ENTITY (USER_LOGIN, ENTITY_ID) VALUES ('fiuser104', '9');
INSERT INTO LEOS_USER_ENTITY (USER_LOGIN, ENTITY_ID) VALUES ('fiuser105', '9');
INSERT INTO LEOS_USER_ENTITY (USER_LOGIN, ENTITY_ID) VALUES ('fiuser106', '9');
INSERT INTO LEOS_USER_ENTITY (USER_LOGIN, ENTITY_ID) VALUES ('fiuser107', '9');
INSERT INTO LEOS_USER_ENTITY (USER_LOGIN, ENTITY_ID) VALUES ('cabinet03', '20');
INSERT INTO LEOS_USER_ENTITY (USER_LOGIN, ENTITY_ID) VALUES ('cabinet04', '21');
INSERT INTO LEOS_USER_ENTITY (USER_LOGIN, ENTITY_ID) VALUES ('cabinet15', '22');
INSERT INTO LEOS_USER_ENTITY (USER_LOGIN, ENTITY_ID) VALUES ('cabinet16', '23');
INSERT INTO LEOS_USER_ENTITY (USER_LOGIN, ENTITY_ID) VALUES ('cabinet20', '24');
INSERT INTO LEOS_USER_ENTITY (USER_LOGIN, ENTITY_ID) VALUES ('dg-agri', '10');

INSERT INTO LEOS_USER
SELECT DISTINCT(ENTITY_NAME), -1, NULL, ENTITY_NAME, 'entity@mail.com'
FROM LEOS_ENTITY;

INSERT INTO LEOS_USER_ENTITY
SELECT DISTINCT(ENTITY_NAME), MAX(ENTITY_ID)
FROM LEOS_ENTITY GROUP BY ENTITY_NAME;

Commit;
